City_ID,City,Country,Date,Lat,Lng,Max Temp,Humidity,Cloudiness,Wind Speed,Current Description
0,Boa Vista,BR,2022-02-01 20:16:46,2.8197,-60.6733,87.78,51,40,17.27,scattered clouds
1,Punta Arenas,CL,2022-02-01 20:21:21,-53.15,-70.9167,53.62,50,40,42.57,scattered clouds
2,Marystown,CA,2022-02-01 20:21:22,47.1666,-55.1483,26.85,100,76,8.99,broken clouds
3,Bonavista,CA,2022-02-01 20:21:22,48.6499,-53.1147,26.11,55,94,18.63,overcast clouds
4,Lorengau,PG,2022-02-01 20:21:22,-2.0226,147.2712,78.55,80,100,3.76,overcast clouds
5,Lakatoro,VU,2022-02-01 20:21:22,-16.0999,167.4164,80.92,83,91,7.49,overcast clouds
6,Busselton,AU,2022-02-01 20:19:39,-33.65,115.3333,61.05,66,29,18.72,scattered clouds
7,Pevek,RU,2022-02-01 20:21:23,69.7008,170.3133,-13.92,90,98,2.21,overcast clouds
8,Clyde River,CA,2022-02-01 20:21:23,70.4692,-68.5914,-18.17,63,75,4.61,broken clouds
9,Luderitz,NA,2022-02-01 20:21:24,-26.6481,15.1594,65.28,87,46,7.29,scattered clouds
10,Ortakoy,TR,2022-02-01 20:21:24,38.7373,34.0387,23.25,87,78,13.44,broken clouds
11,Tuktoyaktuk,CA,2022-02-01 20:21:24,69.4541,-133.0374,-23.8,76,20,5.75,few clouds
12,Puri,IN,2022-02-01 20:21:25,19.8,85.85,68.52,77,7,11.14,clear sky
13,Albany,US,2022-02-01 20:17:10,42.6001,-73.9662,36.36,51,34,1.99,scattered clouds
14,Vallenar,CL,2022-02-01 20:21:25,-28.5708,-70.7581,82.17,31,3,10.47,clear sky
15,San Ignacio,BZ,2022-02-01 20:21:25,17.1561,-89.0714,87.94,55,0,4.61,clear sky
16,Nelson,NZ,2022-02-01 20:20:11,-41.2833,173.2833,70.45,83,100,1.99,overcast clouds
17,Progreso,MX,2022-02-01 20:21:26,21.2833,-89.6667,84.31,53,7,10.45,clear sky
18,Bathsheba,BB,2022-02-01 20:16:43,13.2167,-59.5167,84.81,61,20,14.97,few clouds
19,Klaksvik,FO,2022-02-01 20:21:26,62.2266,-6.589,31.12,88,100,10.87,light snow
20,Hithadhoo,MV,2022-02-01 20:16:51,-0.6,73.0833,82.54,72,5,11.34,clear sky
21,Ushuaia,AR,2022-02-01 20:21:26,-54.8,-68.3,51.42,81,75,37.98,light rain
22,Galveston,US,2022-02-01 20:21:27,29.3669,-94.9669,68.04,86,40,1.01,haze
23,Lebu,CL,2022-02-01 20:21:27,-37.6167,-73.65,65.07,73,0,12.55,clear sky
24,Jamestown,US,2022-02-01 20:20:28,42.097,-79.2353,42.39,48,0,17.27,clear sky
25,Rikitea,PF,2022-02-01 20:21:27,-23.1203,-134.9692,78.08,70,87,6.42,overcast clouds
26,Sabana Grande De Boya,DO,2022-02-01 20:21:28,18.945,-69.7933,81.0,64,59,9.44,broken clouds
27,Lapa,BR,2022-02-01 20:21:28,-25.7697,-49.7158,78.53,62,58,7.81,broken clouds
28,Hambantota,LK,2022-02-01 20:21:29,6.1241,81.1185,73.15,80,1,13.35,clear sky
29,Kota Kinabalu,MY,2022-02-01 20:21:29,5.9749,116.0724,76.98,88,20,2.3,few clouds
30,New Norfolk,AU,2022-02-01 20:18:53,-42.7826,147.0587,51.3,58,8,1.01,clear sky
31,Jambi,ID,2022-02-01 20:21:29,-1.6,103.6167,72.16,99,100,4.38,overcast clouds
32,Mataura,NZ,2022-02-01 20:16:48,-46.1927,168.8643,70.48,66,100,5.5,overcast clouds
33,Bluff,NZ,2022-02-01 20:21:30,-46.6,168.3333,70.81,74,100,13.04,overcast clouds
34,Hajdusamson,HU,2022-02-01 20:21:30,47.6,21.7667,30.22,86,54,6.91,mist
35,Yellowknife,CA,2022-02-01 20:20:46,62.456,-114.3525,-19.71,69,0,11.5,clear sky
36,Hilo,US,2022-02-01 20:19:37,19.7297,-155.09,76.62,78,20,10.36,light rain
37,Hasaki,JP,2022-02-01 20:17:19,35.7333,140.8333,30.6,48,0,20.62,clear sky
38,Khash,IR,2022-02-01 20:21:31,28.2211,61.2158,56.79,41,0,16.89,clear sky
39,Dikson,RU,2022-02-01 20:21:31,73.5069,80.5464,3.94,93,100,18.72,light snow
40,Hobart,AU,2022-02-01 20:16:33,-42.8794,147.3294,51.66,59,20,17.27,few clouds
41,Bana,CM,2022-02-01 20:21:31,5.1481,10.2762,63.19,75,77,0.96,broken clouds
42,Pangnirtung,CA,2022-02-01 20:22:32,66.1451,-65.7125,-27.4,75,20,2.3,few clouds
43,Bredasdorp,ZA,2022-02-01 20:22:32,-34.5322,20.0403,75.6,76,3,3.06,clear sky
44,Shanghai,CN,2022-02-01 20:20:18,31.2222,121.4581,41.94,57,0,1.99,clear sky
45,Bijar,IR,2022-02-01 20:21:05,35.8668,47.6051,15.39,96,49,5.01,scattered clouds
46,Praia Da Vitoria,PT,2022-02-01 20:22:33,38.7333,-27.0667,59.76,82,40,12.33,scattered clouds
47,Port Alfred,ZA,2022-02-01 20:22:33,-33.5906,26.891,77.49,82,100,9.37,overcast clouds
48,Yaan,NG,2022-02-01 20:22:33,7.3833,8.5667,82.87,12,0,3.42,clear sky
49,Honiara,SB,2022-02-01 20:22:34,-9.4333,159.95,79.02,86,95,3.4,light rain
50,Zhanakorgan,KZ,2022-02-01 20:22:34,43.9098,67.2495,28.4,78,3,7.43,clear sky
51,Del Rio,US,2022-02-01 20:22:34,29.3627,-100.8968,73.51,46,0,8.05,clear sky
52,Riyadh,SA,2022-02-01 20:20:24,24.6877,46.7219,55.54,29,0,10.56,clear sky
53,Sola,VU,2022-02-01 20:22:35,-13.8833,167.55,80.78,79,99,15.21,overcast clouds
54,Yulara,AU,2022-02-01 20:22:35,-25.2406,130.9889,67.84,94,75,12.66,broken clouds
55,Tjome,NO,2022-02-01 20:22:35,59.1109,10.3933,29.28,98,100,3.44,light snow
56,Langsa,ID,2022-02-01 20:22:36,4.4683,97.9683,73.45,94,15,1.43,few clouds
57,Cayenne,GF,2022-02-01 20:22:36,4.9333,-52.3333,77.04,92,75,7.0,moderate rain
58,Carnarvon,AU,2022-02-01 20:18:26,-24.8667,113.6333,75.27,83,100,16.11,overcast clouds
59,Anadyr,RU,2022-02-01 20:22:36,64.75,177.4833,16.3,57,0,6.71,clear sky
60,Butaritari,KI,2022-02-01 20:22:12,3.0707,172.7902,81.5,75,73,10.94,broken clouds
61,Kaitangata,NZ,2022-02-01 20:22:37,-46.2817,169.8464,61.41,91,100,3.65,light rain
62,Galesong,ID,2022-02-01 20:22:37,-5.3166,119.3661,75.22,83,100,4.0,overcast clouds
63,Provideniya,RU,2022-02-01 20:22:37,64.3833,-173.3,9.01,65,5,24.05,clear sky
64,Price,US,2022-02-01 20:22:38,39.5994,-110.8107,35.11,31,0,12.66,clear sky
65,Odweyne,SO,2022-02-01 20:22:38,9.4092,45.064,66.29,66,100,11.03,overcast clouds
66,Batemans Bay,AU,2022-02-01 20:19:22,-35.7167,150.1833,73.2,94,100,5.93,light rain
67,Esperance,AU,2022-02-01 20:20:44,-33.8667,121.9,61.5,67,52,16.24,broken clouds
68,Surt,LY,2022-02-01 20:22:38,31.2089,16.5887,56.86,54,59,25.39,broken clouds
69,Hami,CN,2022-02-01 20:22:39,42.8,93.45,22.3,33,80,1.7,broken clouds
70,Geraldton,AU,2022-02-01 20:22:39,-28.7667,114.6,84.61,26,11,21.85,few clouds
71,Puerto Ayora,EC,2022-02-01 20:22:39,-0.7393,-90.3518,82.36,91,81,4.0,broken clouds
72,Xinzhou,CN,2022-02-01 20:22:40,38.4092,112.7333,22.87,37,0,1.32,clear sky
73,Atuona,PF,2022-02-01 20:22:22,-9.8,-139.0333,78.57,73,24,22.53,few clouds
74,Bud,US,2022-02-01 20:22:40,39.447,-86.1758,62.55,66,100,11.88,overcast clouds
75,Gaoual,GN,2022-02-01 20:22:40,11.75,-13.2,85.57,13,6,4.47,clear sky
76,Mar Del Plata,AR,2022-02-01 20:22:41,-38.0023,-57.5575,84.22,34,0,23.02,clear sky
77,Xinyang,CN,2022-02-01 20:19:38,32.1228,114.0656,35.62,59,100,5.53,overcast clouds
78,Qaanaaq,GL,2022-02-01 20:22:41,77.484,-69.3632,-17.64,75,100,11.14,overcast clouds
79,Castro,BR,2022-02-01 20:18:44,-24.7911,-50.0119,78.55,60,4,4.79,clear sky
80,Xinglongshan,CN,2022-02-01 20:22:42,43.9561,125.4661,4.75,66,0,8.95,clear sky
81,Cape Town,ZA,2022-02-01 20:22:01,-33.9258,18.4232,69.1,81,20,1.01,few clouds
82,Lompoc,US,2022-02-01 20:22:42,34.6391,-120.4579,66.85,31,0,14.97,clear sky
83,Georgetown,MY,2022-02-01 20:21:42,5.4112,100.3354,82.33,86,20,3.44,few clouds
84,Khatanga,RU,2022-02-01 20:19:41,71.9667,102.5,-35.86,99,21,3.15,few clouds
85,Ola,RU,2022-02-01 20:18:44,59.5833,151.2833,-0.9,83,71,10.74,broken clouds
86,Albanel,CA,2022-02-01 20:22:43,48.8832,-72.4487,6.94,66,100,2.3,overcast clouds
87,Fairbanks,US,2022-02-01 20:22:43,64.8378,-147.7164,-10.01,74,0,0.0,clear sky
88,Myitkyina,MM,2022-02-01 20:22:43,25.3833,97.4,51.48,99,36,3.13,scattered clouds
89,Adrar,MR,2022-02-01 20:22:43,20.5022,-10.0711,76.68,14,97,11.34,overcast clouds
90,Gat,IL,2022-02-01 20:22:44,31.61,34.7642,52.39,68,0,5.12,clear sky
91,Teabo,MX,2022-02-01 20:23:44,20.4,-89.2833,87.73,37,1,7.72,clear sky
92,Chokurdakh,RU,2022-02-01 20:23:44,70.6333,147.9167,-22.38,99,100,2.33,overcast clouds
93,Tasiilaq,GL,2022-02-01 20:23:45,65.6145,-37.6368,10.56,70,100,5.82,overcast clouds
94,Mason City,US,2022-02-01 20:23:45,43.1536,-93.201,21.29,69,40,26.46,haze
95,Sorong,ID,2022-02-01 20:23:45,-0.8833,131.25,79.56,75,100,5.26,overcast clouds
96,Ponta Do Sol,PT,2022-02-01 20:23:00,32.6667,-17.1,65.03,72,22,11.25,few clouds
97,Sur,OM,2022-02-01 20:23:46,22.5667,59.5289,72.9,70,5,3.53,clear sky
98,Leningradskiy,RU,2022-02-01 20:23:46,69.3833,178.4167,-11.51,94,44,11.45,scattered clouds
99,Cabo San Lucas,MX,2022-02-01 20:21:21,22.8909,-109.9124,76.6,58,0,5.01,clear sky
100,Vaini,TO,2022-02-01 20:23:46,-21.2,-175.2,82.56,78,75,4.61,broken clouds
101,Kapaa,US,2022-02-01 20:23:47,22.0752,-159.319,76.98,71,40,1.01,scattered clouds
102,Iqaluit,CA,2022-02-01 20:21:51,63.7506,-68.5145,-14.31,75,100,5.99,light snow
103,Airai,TL,2022-02-01 20:23:47,-8.9266,125.4092,59.4,83,89,3.2,overcast clouds
104,Aasiaat,GL,2022-02-01 20:23:47,68.7098,-52.8699,1.67,97,100,6.44,overcast clouds
105,Nikolskoye,RU,2022-02-01 20:23:36,59.7035,30.7861,24.69,98,100,2.71,light snow
106,Pisco,PE,2022-02-01 20:23:48,-13.7,-76.2167,78.85,57,0,17.27,clear sky
107,Erenhot,CN,2022-02-01 20:23:48,43.6475,111.9767,-0.36,88,3,5.21,clear sky
108,Auki,SB,2022-02-01 20:23:48,-8.7676,160.7034,79.29,87,96,6.02,overcast clouds
109,Ribeira Grande,PT,2022-02-01 20:23:49,38.5167,-28.7,61.2,77,20,19.57,few clouds
110,Missoula,US,2022-02-01 20:22:58,47.0166,-113.8009,20.53,86,100,4.23,light snow
111,Klyavlino,RU,2022-02-01 20:23:49,54.2649,52.0267,27.28,94,100,14.58,light snow
112,Kutum,SD,2022-02-01 20:22:01,14.2,24.6667,59.92,21,5,6.64,clear sky
113,Paamiut,GL,2022-02-01 20:23:50,61.994,-49.6678,15.37,76,100,13.89,light snow
114,Ballina,AU,2022-02-01 20:23:50,-28.8667,153.5667,77.18,92,100,4.61,overcast clouds
115,Saint-Philippe,RE,2022-02-01 20:23:09,-21.3585,55.7679,80.15,91,95,21.52,moderate rain
116,Hermanus,ZA,2022-02-01 20:23:50,-34.4187,19.2345,70.9,84,26,1.05,scattered clouds
117,Comodoro Rivadavia,AR,2022-02-01 20:23:51,-45.8667,-67.5,87.66,11,0,24.16,clear sky
118,East London,ZA,2022-02-01 20:21:59,-33.0153,27.9116,76.1,89,100,6.4,overcast clouds
119,Yaqui,MX,2022-02-01 20:23:51,27.3667,-110.1667,73.96,20,26,9.04,scattered clouds
120,Barrow,US,2022-02-01 20:23:51,71.2906,-156.7887,-16.58,69,0,8.05,clear sky
121,Souillac,MU,2022-02-01 20:23:52,-20.5167,57.5167,79.18,94,75,19.57,light intensity shower rain
122,Salalah,OM,2022-02-01 20:20:25,17.0151,54.0924,69.89,60,0,5.75,clear sky
123,Baherden,TM,2022-02-01 20:23:52,38.4362,57.4316,48.7,42,100,5.93,overcast clouds
124,Brownsville,US,2022-02-01 20:19:35,25.9018,-97.4975,71.58,77,40,8.05,scattered clouds
125,Amahai,ID,2022-02-01 20:23:53,-3.3333,128.9167,77.79,81,98,5.73,overcast clouds
126,Atar,MR,2022-02-01 20:23:53,20.5169,-13.0499,79.34,12,96,7.83,overcast clouds
127,Zyryanka,RU,2022-02-01 20:23:53,65.75,150.85,-10.8,92,100,12.12,overcast clouds
128,Nishihara,JP,2022-02-01 20:23:53,26.1842,127.7558,61.88,94,100,8.05,mist
129,Lasa,IT,2022-02-01 20:23:54,46.6166,10.7002,39.11,94,100,8.21,light rain
130,Bengkulu,ID,2022-02-01 20:23:54,-3.8004,102.2655,73.35,87,100,6.67,overcast clouds
131,Norman Wells,CA,2022-02-01 20:23:54,65.282,-126.8329,-9.36,70,75,2.3,broken clouds
132,Victoria,HK,2022-02-01 20:22:56,22.2855,114.1577,61.25,91,100,1.01,overcast clouds
133,Hakkari,TR,2022-02-01 20:20:44,37.5833,44.1667,10.45,75,7,2.35,clear sky
134,Dalbandin,PK,2022-02-01 20:23:55,28.8947,64.4101,59.67,24,0,2.33,clear sky
135,Skovorodino,RU,2022-02-01 20:23:55,53.9833,123.9167,-15.0,97,51,3.83,broken clouds
136,Eucaliptus,BO,2022-02-01 20:23:56,-17.5833,-67.5167,56.89,54,95,6.91,overcast clouds
137,Kruisfontein,ZA,2022-02-01 20:24:32,-34.0033,24.7314,74.88,71,99,4.72,overcast clouds
138,Kajaani,FI,2022-02-01 20:24:56,64.2273,27.7285,15.85,86,75,5.75,broken clouds
139,Srednekolymsk,RU,2022-02-01 20:24:56,67.45,153.6833,-20.31,98,94,2.28,overcast clouds
140,Barberton,ZA,2022-02-01 20:24:57,-25.7884,31.0532,73.45,84,0,0.83,clear sky
141,Santa Isabel Do Rio Negro,BR,2022-02-01 20:24:57,-0.4139,-65.0192,80.96,80,100,2.71,overcast clouds
142,Laguna,US,2022-02-01 20:24:57,38.421,-121.4238,62.44,30,0,11.99,clear sky
143,Abu Kamal,SY,2022-02-01 20:24:58,34.4506,40.9171,50.2,59,0,8.9,clear sky
144,Port Elizabeth,ZA,2022-02-01 20:24:58,-33.918,25.5701,79.09,73,0,5.75,clear sky
145,Port Hardy,CA,2022-02-01 20:24:58,50.6996,-127.4199,41.18,81,100,5.75,overcast clouds
146,Chuy,UY,2022-02-01 20:24:10,-33.6971,-53.4616,73.63,45,0,8.72,clear sky
147,Faanui,PF,2022-02-01 20:24:59,-16.4833,-151.75,80.46,76,3,19.91,light rain
148,Demirci,TR,2022-02-01 20:24:59,39.0461,28.6589,35.58,90,96,7.67,overcast clouds
149,Brae,GB,2022-02-01 20:22:06,60.3964,-1.353,40.91,66,100,28.34,overcast clouds
150,Rabo De Peixe,PT,2022-02-01 20:24:59,37.8,-25.5833,58.28,94,20,6.91,few clouds
151,Severo-Kurilsk,RU,2022-02-01 20:23:58,50.6789,156.125,26.8,79,76,10.47,broken clouds
152,Upernavik,GL,2022-02-01 20:25:00,72.7868,-56.1549,-16.33,75,100,6.26,overcast clouds
153,Atbasar,KZ,2022-02-01 20:25:00,51.8,68.3333,0.84,98,100,3.85,overcast clouds
154,Port Hedland,AU,2022-02-01 20:25:00,-20.3167,118.5667,80.65,100,100,0.0,overcast clouds
155,Arraial Do Cabo,BR,2022-02-01 20:22:57,-22.9661,-42.0278,78.76,89,75,9.22,broken clouds
156,Port Lincoln,AU,2022-02-01 20:25:01,-34.7333,135.8667,60.66,56,52,17.87,broken clouds
157,Coihaique,CL,2022-02-01 20:22:04,-45.5752,-72.0662,68.61,37,75,10.36,broken clouds
158,Diego De Almagro,CL,2022-02-01 20:25:01,-26.3667,-70.05,79.57,22,0,16.82,clear sky
159,Thompson,CA,2022-02-01 20:25:01,55.7435,-97.8558,-14.64,64,20,10.36,few clouds
160,Oranjemund,NA,2022-02-01 20:25:02,-28.55,16.4333,66.09,87,68,4.12,broken clouds
161,Vardo,NO,2022-02-01 20:24:30,70.3705,31.1107,24.78,80,0,6.91,clear sky
162,Batagay-Alyta,RU,2022-02-01 20:25:02,67.8006,130.4114,-10.53,99,100,1.41,overcast clouds
163,Egvekinot,RU,2022-02-01 20:25:02,66.3167,-179.1667,-3.75,78,98,16.4,overcast clouds
164,Grindavik,IS,2022-02-01 20:25:03,63.8424,-22.4338,32.47,93,75,9.22,light snow
165,Mahebourg,MU,2022-02-01 20:25:03,-20.4081,57.7,79.09,94,75,19.57,light intensity shower rain
166,Kavieng,PG,2022-02-01 20:25:04,-2.5744,150.7967,78.57,83,100,7.47,light rain
167,Aklavik,CA,2022-02-01 20:25:04,68.2191,-135.0107,-10.37,76,75,2.3,broken clouds
168,Mogadishu,SO,2022-02-01 20:25:04,2.0371,45.3438,78.39,87,100,20.13,overcast clouds
169,Miri,MY,2022-02-01 20:25:05,4.4148,114.0089,77.14,94,40,0.0,scattered clouds
170,Tabora,TZ,2022-02-01 20:25:05,-5.0167,32.8,62.53,95,100,0.89,overcast clouds
171,Longyearbyen,SJ,2022-02-01 20:21:39,78.2186,15.6401,22.84,58,40,4.61,scattered clouds
172,Maturin,VE,2022-02-01 20:25:05,9.75,-63.1767,86.18,48,91,8.79,overcast clouds
173,Phalaborwa,ZA,2022-02-01 20:25:06,-23.943,31.1411,76.28,66,0,2.04,clear sky
174,Daru,PG,2022-02-01 20:25:06,-9.0763,143.2092,75.15,91,100,11.05,overcast clouds
175,Fortuna,US,2022-02-01 20:24:26,40.5982,-124.1573,51.93,56,0,11.01,clear sky
176,Narsaq,GL,2022-02-01 20:25:06,60.9167,-46.05,17.82,89,63,3.38,broken clouds
177,Walvis Bay,NA,2022-02-01 20:25:07,-22.9575,14.5053,70.09,79,35,5.21,scattered clouds
178,Karratha,AU,2022-02-01 20:25:07,-20.7377,116.8463,83.98,72,88,7.09,overcast clouds
179,Torbay,CA,2022-02-01 20:25:07,47.6666,-52.7314,26.38,57,40,16.11,scattered clouds
180,Hofn,IS,2022-02-01 20:25:08,64.2539,-15.2082,23.86,59,15,7.85,few clouds
181,Temiscaming,CA,2022-02-01 20:21:18,46.7212,-79.0971,38.68,55,100,20.71,overcast clouds
182,Hervey Bay,AU,2022-02-01 20:20:41,-25.2986,152.8535,78.04,79,100,11.77,overcast clouds
183,Vlissingen,NL,2022-02-01 20:26:08,51.4425,3.5736,51.03,85,75,19.57,broken clouds
184,Naze,JP,2022-02-01 20:26:09,28.3667,129.4833,55.63,71,100,10.74,overcast clouds
185,Galle,LK,2022-02-01 20:26:09,6.0367,80.217,73.09,86,6,6.04,clear sky
186,Ust-Omchug,RU,2022-02-01 20:26:09,61.15,149.6333,-16.4,99,84,5.53,broken clouds
187,Nouadhibou,MR,2022-02-01 20:26:09,20.931,-17.0347,73.38,56,100,10.36,overcast clouds
188,Nuuk,GL,2022-02-01 20:26:10,64.1835,-51.7216,9.21,72,100,9.22,overcast clouds
189,Aktau,KZ,2022-02-01 20:26:10,43.65,51.2,28.98,77,0,9.91,clear sky
190,Sal Rei,CV,2022-02-01 20:26:11,16.1833,-22.9167,73.96,81,100,9.37,overcast clouds
191,Tura,IN,2022-02-01 20:26:11,25.5198,90.2201,52.38,75,3,4.47,clear sky
192,Curitibanos,BR,2022-02-01 20:26:11,-27.2828,-50.5844,85.84,26,13,2.62,few clouds
193,Belica,BG,2022-02-01 20:26:11,41.9569,23.5725,34.81,79,100,2.62,snow
194,Rey Bouba,CM,2022-02-01 20:26:12,8.6724,14.1786,73.18,14,6,3.74,clear sky
195,Majene,ID,2022-02-01 20:26:12,-3.5403,118.9707,78.42,83,100,4.45,overcast clouds
196,Khagaria,IN,2022-02-01 20:26:12,25.5,86.4833,55.35,69,0,4.83,clear sky
197,Marquette,US,2022-02-01 20:26:13,46.5333,-87.6335,36.84,81,100,14.29,overcast clouds
198,Bara,NG,2022-02-01 20:26:13,10.3744,10.7288,68.74,20,0,8.99,clear sky
199,Sorland,NO,2022-02-01 20:26:13,67.667,12.6934,28.47,56,100,21.25,overcast clouds
200,Nioro,GM,2022-02-01 20:26:14,13.35,-15.75,89.11,11,2,7.7,clear sky
201,Pemberton,CA,2022-02-01 20:26:14,50.3164,-122.8027,33.66,86,48,1.63,scattered clouds
202,Kailua,US,2022-02-01 20:26:14,21.4022,-157.7394,79.14,70,40,9.22,scattered clouds
203,Tuy Hoa,VN,2022-02-01 20:23:02,13.0833,109.3,72.46,92,97,6.71,overcast clouds
204,Ensley,US,2022-02-01 20:26:15,30.5188,-87.2728,68.41,68,20,3.0,few clouds
205,Culiacan,MX,2022-02-01 20:22:45,24.7994,-107.3897,80.15,33,0,8.05,smoke
206,The Valley,AI,2022-02-01 20:21:27,18.217,-63.0578,84.06,74,20,11.5,few clouds
207,Skjervoy,NO,2022-02-01 20:26:15,70.0311,20.9714,27.19,45,91,11.54,overcast clouds
208,Lazarev,RU,2022-02-01 20:26:16,52.225,141.5131,-1.41,90,95,6.8,overcast clouds
209,Meulaboh,ID,2022-02-01 20:26:16,4.1363,96.1285,75.31,89,96,5.19,overcast clouds
210,Sitka,US,2022-02-01 20:26:17,57.0531,-135.33,33.69,75,75,5.75,broken clouds
211,Avarua,CK,2022-02-01 20:26:01,-21.2078,-159.775,82.45,78,75,11.5,broken clouds
212,Ancud,CL,2022-02-01 20:21:58,-41.8697,-73.8203,67.23,79,100,8.72,overcast clouds
213,Zhangye,CN,2022-02-01 20:26:17,38.9342,100.4517,18.95,30,73,3.71,broken clouds
214,Shimoda,JP,2022-02-01 20:26:17,34.6667,138.95,37.11,62,0,19.86,clear sky
215,Quatre Cocos,MU,2022-02-01 20:22:59,-20.2078,57.7625,78.91,91,100,29.28,moderate rain
216,Bonthe,SL,2022-02-01 20:26:18,7.5264,-12.505,79.29,82,52,11.48,broken clouds
217,Salihli,TR,2022-02-01 20:26:18,38.4826,28.1477,47.08,81,99,6.46,overcast clouds
218,College,US,2022-02-01 20:26:18,64.8569,-147.8028,-0.74,74,20,0.0,few clouds
219,Coahuayana,MX,2022-02-01 20:26:19,18.7333,-103.6833,87.28,36,0,7.11,clear sky
220,Pandan Niog,PH,2022-02-01 20:26:19,6.2282,120.5631,81.54,79,90,12.8,overcast clouds
221,Benjamin Constant,BR,2022-02-01 20:26:20,-4.3831,-70.0311,89.73,78,40,4.61,scattered clouds
222,Sundumbili,ZA,2022-02-01 20:26:20,-29.1337,31.3975,77.31,85,100,10.29,overcast clouds
223,Kuldiga,LV,2022-02-01 20:26:20,56.974,21.9572,22.69,93,100,4.21,overcast clouds
224,Yemtsa,RU,2022-02-01 20:26:20,63.0734,40.3329,13.8,95,100,5.84,light snow
225,Monrovia,LR,2022-02-01 20:27:21,6.3005,-10.7969,80.37,81,65,9.4,broken clouds
226,Barra Do Garcas,BR,2022-02-01 20:27:21,-15.89,-52.2567,75.78,100,75,3.02,light rain
227,Sunrise Manor,US,2022-02-01 20:27:22,36.2111,-115.0731,60.44,20,20,13.8,few clouds
228,Tual,ID,2022-02-01 20:27:13,-5.6667,132.75,81.54,78,96,9.26,overcast clouds
229,Buala,SB,2022-02-01 20:27:22,-8.145,159.5921,80.74,84,100,6.4,light rain
230,Tomatlan,MX,2022-02-01 20:25:34,19.9333,-105.25,90.99,20,0,11.79,clear sky
231,Limbe,CM,2022-02-01 20:27:22,4.0242,9.2149,81.45,68,25,6.55,scattered clouds
232,Florence,IT,2022-02-01 20:24:04,43.7667,11.25,47.3,48,0,5.75,clear sky
233,Tromso,NO,2022-02-01 20:27:23,69.6496,18.957,19.42,68,0,4.61,clear sky
234,Changping,CN,2022-02-01 20:27:23,40.2186,116.2197,11.84,32,0,6.46,clear sky
235,Astoria,US,2022-02-01 20:27:23,46.1879,-123.8313,45.93,79,87,5.01,overcast clouds
236,Labuhan,ID,2022-02-01 20:27:24,-6.8844,112.2051,77.02,89,93,5.97,overcast clouds
237,Chazuta,PE,2022-02-01 20:27:24,-6.5742,-76.1367,90.45,42,67,6.13,broken clouds
238,Constitucion,CL,2022-02-01 20:27:24,-35.3333,-72.4167,67.37,63,5,7.47,clear sky
239,Uddevalla,SE,2022-02-01 20:27:25,58.3478,11.9424,31.98,93,100,4.54,overcast clouds
240,San Carlos De Bariloche,AR,2022-02-01 20:27:25,-41.1456,-71.3082,77.45,37,0,26.46,clear sky
241,Turochak,RU,2022-02-01 20:27:25,52.2576,87.1224,1.4,100,90,2.51,overcast clouds
242,Terpinnya,UA,2022-02-01 20:27:26,46.9697,35.4197,34.38,90,100,6.29,overcast clouds
243,Baiyin,CN,2022-02-01 20:27:26,36.5583,104.2081,7.68,41,89,0.31,overcast clouds
244,Faya,SA,2022-02-01 20:25:55,18.3851,42.4509,55.92,70,5,6.93,clear sky
245,Imbituba,BR,2022-02-01 20:27:26,-28.24,-48.6703,80.49,78,54,8.99,broken clouds
246,Alofi,NU,2022-02-01 20:24:50,-19.0595,-169.9187,80.49,74,40,4.61,scattered clouds
247,Christchurch,NZ,2022-02-01 20:24:14,-43.5333,172.6333,75.47,65,100,1.01,overcast clouds
248,Kirakira,SB,2022-02-01 20:27:27,-10.4544,161.9205,79.61,84,88,3.98,moderate rain
249,Dunedin,NZ,2022-02-01 20:25:31,-45.8742,170.5036,64.49,74,100,9.8,overcast clouds
250,Puerto Escondido,MX,2022-02-01 20:27:27,15.85,-97.0667,86.83,66,0,17.27,clear sky
251,Rabaul,PG,2022-02-01 20:27:27,-4.1967,152.1721,79.14,81,100,9.98,light rain
252,Port-Gentil,GA,2022-02-01 20:27:28,-0.7193,8.7815,82.36,83,40,9.22,scattered clouds
253,Archidona,ES,2022-02-01 20:27:28,37.0965,-4.3887,49.82,80,0,3.87,clear sky
254,Port Blair,IN,2022-02-01 20:27:28,11.6667,92.75,74.91,73,7,3.56,clear sky
255,Podgornoye,RU,2022-02-01 20:27:29,51.735,39.1496,28.62,74,0,8.95,clear sky
256,Stornoway,GB,2022-02-01 20:27:29,58.2093,-6.3865,42.76,86,75,3.0,broken clouds
257,Salinopolis,BR,2022-02-01 20:27:29,-0.6136,-47.3561,81.27,79,79,11.83,broken clouds
258,Wanning,CN,2022-02-01 20:27:30,18.8003,110.3967,67.96,92,95,6.69,overcast clouds
259,Sayyan,YE,2022-02-01 20:27:30,15.1718,44.3244,57.07,33,58,5.66,broken clouds
260,Sao Felix Do Xingu,BR,2022-02-01 20:27:30,-6.6447,-51.995,79.93,72,96,2.33,overcast clouds
261,Vestmannaeyjar,IS,2022-02-01 20:27:31,63.4427,-20.2734,36.61,73,100,16.42,light rain
262,Taikang,CN,2022-02-01 20:27:31,46.8333,124.4167,-7.91,90,6,5.66,clear sky
263,Benguela,AO,2022-02-01 20:27:31,-12.5763,13.4055,75.97,72,42,4.12,scattered clouds
264,Beringovskiy,RU,2022-02-01 20:27:32,63.05,179.3167,-1.21,84,100,13.96,overcast clouds
265,Penzance,GB,2022-02-01 20:27:32,50.1186,-5.5371,51.01,93,82,17.47,broken clouds
266,Iguape,BR,2022-02-01 20:27:32,-24.7081,-47.5553,79.45,80,100,7.99,overcast clouds
267,Kingaroy,AU,2022-02-01 20:27:33,-26.5333,151.8333,73.44,100,100,0.0,overcast clouds
268,Kahului,US,2022-02-01 20:27:33,20.8947,-156.47,79.97,68,75,12.66,broken clouds
269,Asfi,MA,2022-02-01 20:27:33,32.2994,-9.2372,61.57,51,0,16.67,clear sky
270,Sibu,MY,2022-02-01 20:27:34,2.3,111.8167,73.71,100,40,0.0,scattered clouds
271,Yar-Sale,RU,2022-02-01 20:28:34,66.8333,70.8333,-16.71,99,69,6.49,broken clouds
272,Kodiak,US,2022-02-01 20:28:34,57.79,-152.4072,38.71,93,100,9.22,mist
273,Maragogi,BR,2022-02-01 20:28:35,-9.0122,-35.2225,82.04,71,16,8.21,few clouds
274,Asasa,ET,2022-02-01 20:28:35,7.1,39.2,59.18,39,100,4.25,overcast clouds
275,Emba,KZ,2022-02-01 20:28:35,48.8264,58.1442,20.5,83,100,7.83,overcast clouds
276,Taoudenni,ML,2022-02-01 20:28:36,22.6783,-3.9836,74.53,17,3,10.6,clear sky
277,Moron,AR,2022-02-01 20:28:36,-34.6534,-58.6198,88.02,49,3,5.39,clear sky
278,San Patricio,US,2022-02-01 20:24:43,28.017,-97.5169,76.17,50,5,2.1,clear sky
279,Vitim,RU,2022-02-01 20:28:36,59.4511,112.5578,-3.17,99,100,3.91,overcast clouds
280,Baraki Barak,AF,2022-02-01 20:28:37,33.9675,68.9486,18.05,69,61,1.88,broken clouds
281,Marzuq,YE,2022-02-01 20:28:37,14.4,46.4667,64.49,76,39,5.44,scattered clouds
282,Jinchang,CN,2022-02-01 20:28:37,38.4953,102.1739,19.36,36,76,1.99,broken clouds
283,Caravelas,BR,2022-02-01 20:28:37,-17.7125,-39.2481,82.74,72,68,9.35,broken clouds
284,Katsuura,JP,2022-02-01 20:28:38,35.1333,140.3,39.31,44,58,12.01,broken clouds
285,Altay,CN,2022-02-01 20:28:38,47.8667,88.1167,11.97,79,100,3.36,overcast clouds
286,Oktyabrskiy,RU,2022-02-01 20:28:38,54.4815,53.471,29.48,92,100,13.0,overcast clouds
287,Aykhal,RU,2022-02-01 20:27:15,66.0,111.5,-23.35,100,11,3.22,few clouds
288,Padang,ID,2022-02-01 20:28:39,-0.9492,100.3543,75.99,88,100,3.94,heavy intensity rain
289,Tessalit,ML,2022-02-01 20:28:39,20.1986,1.0114,69.82,16,100,10.09,overcast clouds
290,Tiznit,MA,2022-02-01 20:28:39,29.5833,-9.5,65.25,36,100,2.71,overcast clouds
291,Margate,GB,2022-02-01 20:28:15,51.3813,1.3862,53.46,74,100,10.0,overcast clouds
292,Barra Do Corda,BR,2022-02-01 20:28:40,-5.5,-45.25,86.72,73,27,1.16,scattered clouds
293,Aljezur,PT,2022-02-01 20:28:40,37.3191,-8.8033,52.18,67,0,3.15,clear sky
294,Miquelon,PM,2022-02-01 20:28:40,47.0975,-56.3814,23.0,60,100,22.55,overcast clouds
295,Jardim,BR,2022-02-01 20:28:41,-21.4803,-56.1381,83.44,56,60,11.1,broken clouds
296,Broken Hill,AU,2022-02-01 20:28:41,-31.95,141.4333,58.71,58,40,21.85,scattered clouds
297,Sao Joao Da Barra,BR,2022-02-01 20:27:39,-21.6403,-41.0511,86.09,82,92,5.08,overcast clouds
298,Sobolevo,RU,2022-02-01 20:28:33,54.4299,31.8996,14.7,97,100,8.1,light snow
299,Richards Bay,ZA,2022-02-01 20:28:42,-28.783,32.0377,77.63,80,100,11.86,overcast clouds
300,Cidreira,BR,2022-02-01 20:28:42,-30.1811,-50.2056,75.13,64,12,9.22,few clouds
301,Grobina,LV,2022-02-01 20:27:40,56.5352,21.1678,30.06,93,100,8.05,overcast clouds
302,Mombetsu,JP,2022-02-01 20:28:43,44.3525,143.3525,16.59,88,48,8.1,scattered clouds
303,Chodavaram,IN,2022-02-01 20:28:43,17.8333,82.95,71.44,74,0,3.02,clear sky
304,Shubarkuduk,KZ,2022-02-01 20:28:43,49.1447,56.4872,22.03,86,100,11.52,overcast clouds
305,Kargil,IN,2022-02-01 20:28:43,34.5667,76.1,-13.68,90,92,2.66,overcast clouds
306,Guerrero Negro,MX,2022-02-01 20:28:44,27.9769,-114.0611,64.35,57,100,12.71,overcast clouds
307,North Las Vegas,US,2022-02-01 20:28:44,36.1989,-115.1175,60.33,19,0,5.99,clear sky
308,Barcelona,ES,2022-02-01 20:24:43,41.3888,2.159,57.33,54,0,5.01,clear sky
309,Leshukonskoye,RU,2022-02-01 20:28:45,64.8989,45.7622,3.81,97,94,4.99,overcast clouds
310,Esmeralda,CU,2022-02-01 20:28:45,21.8525,-78.1169,74.44,56,94,14.36,overcast clouds
311,Capinzal,BR,2022-02-01 20:28:45,-27.3436,-51.6119,92.62,21,4,3.71,clear sky
312,Ittiri,IT,2022-02-01 20:28:45,40.5929,8.5684,40.1,89,0,3.02,clear sky
313,Georgiyevskoye,RU,2022-02-01 20:28:46,58.731,45.024,26.13,95,100,10.38,light snow
314,Lakes Entrance,AU,2022-02-01 20:28:46,-37.8811,147.981,59.58,74,8,13.58,clear sky
315,Terre-De-Bas,GP,2022-02-01 20:29:47,15.8501,-61.6442,84.61,74,0,13.44,clear sky
316,Xichang,CN,2022-02-01 20:29:47,27.8964,102.2634,34.18,97,100,5.06,snow
317,Viedma,AR,2022-02-01 20:29:47,-40.8135,-62.9967,82.49,27,20,9.08,few clouds
318,Port-Cartier,CA,2022-02-01 20:29:47,50.0334,-66.8654,6.91,80,100,3.13,overcast clouds
319,Dehloran,IR,2022-02-01 20:29:48,32.6941,47.2679,52.36,63,0,3.89,clear sky
320,Baykit,RU,2022-02-01 20:29:48,61.67,96.37,-10.97,100,100,0.69,overcast clouds
321,Torit,SS,2022-02-01 20:29:48,4.4133,32.5678,82.63,25,57,0.76,broken clouds
322,Mattru,SL,2022-02-01 20:29:49,7.6244,-11.8332,77.92,79,86,6.98,overcast clouds
323,Altamira,BR,2022-02-01 20:29:49,-3.2033,-52.2064,89.69,58,40,2.3,scattered clouds
324,Shache,CN,2022-02-01 20:29:49,38.4167,77.2406,25.77,45,6,2.55,clear sky
325,Armacao De Pera,PT,2022-02-01 20:29:50,37.1026,-8.357,53.51,60,0,1.61,clear sky
326,Okhotsk,RU,2022-02-01 20:29:50,59.3833,143.3,-0.78,77,7,16.06,clear sky
327,Ilulissat,GL,2022-02-01 20:25:36,69.2167,-51.1,3.22,51,75,2.3,broken clouds
328,Pangody,RU,2022-02-01 20:29:50,65.85,74.4859,-16.91,100,100,5.91,overcast clouds
329,Ushibuka,JP,2022-02-01 20:29:51,32.1906,130.0228,43.27,52,1,8.86,clear sky
330,Waipawa,NZ,2022-02-01 20:29:51,-41.4122,175.5153,68.63,63,100,7.07,overcast clouds
331,Canavieiras,BR,2022-02-01 20:29:51,-15.675,-38.9472,83.17,70,1,7.72,clear sky
332,Ribeira Brava,PT,2022-02-01 20:29:52,32.65,-17.0667,65.03,74,16,12.73,few clouds
333,Rio Gallegos,AR,2022-02-01 20:25:41,-51.6226,-69.2181,57.25,30,75,39.12,broken clouds
334,Vestmanna,FO,2022-02-01 20:29:52,62.1564,-7.1664,29.32,86,75,1.14,light snow
335,Cristalina,BR,2022-02-01 20:29:52,-16.7686,-47.6136,70.16,81,100,2.59,overcast clouds
336,Saskylakh,RU,2022-02-01 20:29:53,71.9167,114.0833,-28.08,100,51,1.74,broken clouds
337,Saldanha,ZA,2022-02-01 20:28:44,-33.0117,17.9442,66.25,97,21,9.13,few clouds
338,Riverton,US,2022-02-01 20:27:30,40.5219,-111.9391,35.58,45,0,8.01,clear sky
339,Kavaratti,IN,2022-02-01 20:29:53,10.5669,72.642,80.1,70,3,9.24,clear sky
340,Bequimao,BR,2022-02-01 20:29:53,-2.4489,-44.7825,86.32,68,100,5.14,overcast clouds
341,Sinor,IN,2022-02-01 20:29:54,21.9167,73.3333,68.86,50,4,1.68,clear sky
342,Znamenskoye,RU,2022-02-01 20:29:54,57.1281,73.8282,6.76,99,100,2.86,overcast clouds
343,Nueva Gerona,CU,2022-02-01 20:29:54,21.8833,-82.8,75.92,64,41,17.0,scattered clouds
344,Karlskrona,SE,2022-02-01 20:29:55,56.1616,15.5866,30.65,96,100,12.93,overcast clouds
345,Half Moon Bay,US,2022-02-01 20:29:55,37.4636,-122.4286,61.11,34,0,4.0,clear sky
346,Benidorm,ES,2022-02-01 20:29:55,38.5382,-0.131,54.41,65,0,10.04,clear sky
347,San Carlos,VE,2022-02-01 20:29:56,9.6612,-68.5827,96.98,22,88,4.68,overcast clouds
348,Darab,IR,2022-02-01 20:29:56,28.7519,54.5444,49.84,77,0,3.56,clear sky
349,Komsomolskiy,UZ,2022-02-01 20:29:56,40.4272,71.7189,29.12,80,100,6.91,mist
350,Jamkhandi,IN,2022-02-01 20:29:56,16.5167,75.3,70.95,22,4,5.3,clear sky
351,Zhoucheng,CN,2022-02-01 20:29:57,35.9122,116.3117,29.71,33,100,2.51,overcast clouds
352,Tarakan,ID,2022-02-01 20:29:57,3.3,117.6333,79.43,81,100,9.84,overcast clouds
353,Raudeberg,NO,2022-02-01 20:29:58,61.9875,5.1352,38.07,65,100,22.41,overcast clouds
354,Dingle,PH,2022-02-01 20:29:38,10.9995,122.6711,73.17,95,92,7.61,overcast clouds
355,Garden City,US,2022-02-01 20:27:00,42.3256,-83.331,48.11,49,75,12.66,broken clouds
356,Tabuleiro Do Norte,BR,2022-02-01 20:29:58,-5.2467,-38.1306,93.18,35,99,9.1,overcast clouds
357,Itoman,JP,2022-02-01 20:29:58,26.1247,127.6694,62.62,92,100,12.66,mist
358,Aguimes,ES,2022-02-01 20:29:59,27.9054,-15.4461,63.23,70,20,3.44,few clouds
359,Quimper,FR,2022-02-01 20:29:59,48.0,-4.1,50.07,100,100,8.05,overcast clouds
360,Puerto Madero,MX,2022-02-01 20:29:59,14.7208,-92.4215,88.0,55,20,10.36,few clouds
361,Kamogawa,JP,2022-02-01 20:30:00,35.1,140.1,39.25,41,68,7.94,broken clouds
362,Muros,ES,2022-02-01 20:31:00,42.7762,-9.0603,52.84,70,0,10.27,clear sky
363,Bowen,AU,2022-02-01 20:31:00,-20.0167,148.2333,73.62,82,100,2.73,overcast clouds
364,Kalmunai,LK,2022-02-01 20:30:48,7.4167,81.8167,73.09,76,0,3.33,clear sky
365,Bambous Virieux,MU,2022-02-01 20:31:01,-20.3428,57.7575,79.21,94,75,19.57,light intensity shower rain
366,Tofield,CA,2022-02-01 20:31:01,53.3668,-112.6686,2.89,85,96,14.09,overcast clouds
367,Pipri,IN,2022-02-01 20:31:01,19.8,75.5333,65.61,33,1,4.97,clear sky
368,Iskateley,RU,2022-02-01 20:31:02,67.6803,53.1512,-9.24,100,99,5.03,overcast clouds
369,Russkaya Polyana,UA,2022-02-01 20:31:02,49.417,31.9201,21.11,93,39,4.81,scattered clouds
370,Evensk,RU,2022-02-01 20:31:02,61.95,159.2333,19.67,81,100,28.59,overcast clouds
371,Lalibela,ET,2022-02-01 20:31:03,12.0333,39.0333,59.38,60,63,7.45,broken clouds
372,Urumqi,CN,2022-02-01 20:30:04,43.801,87.6005,-3.05,85,40,2.24,mist
373,Payo,ID,2022-02-01 20:31:03,-3.7508,103.6372,71.98,99,100,2.26,light rain
374,Zlobin,HR,2022-02-01 20:31:03,45.2924,14.6541,30.16,68,0,1.14,clear sky
375,Westport,US,2022-02-01 20:31:04,41.1415,-73.3579,37.94,63,100,5.99,overcast clouds
376,Porto Santo,PT,2022-02-01 20:28:30,33.072,-16.3415,64.31,82,20,21.85,few clouds
377,Muriwai Beach,NZ,2022-02-01 20:28:32,-36.8167,174.45,73.87,77,100,13.94,overcast clouds
378,Vila Velha,BR,2022-02-01 20:28:48,-20.3297,-40.2925,84.15,81,20,13.8,few clouds
379,Sume,BR,2022-02-01 20:31:04,-7.6717,-36.88,83.79,42,83,8.7,broken clouds
380,Quarteira,PT,2022-02-01 20:31:05,37.0695,-8.1006,53.37,71,0,3.44,clear sky
381,Morondava,MG,2022-02-01 20:31:05,-20.2833,44.2833,82.06,79,56,6.64,broken clouds
382,Ostrovnoy,RU,2022-02-01 20:31:05,68.0531,39.5131,17.56,92,100,7.38,overcast clouds
383,Acapulco,MX,2022-02-01 20:31:06,16.8634,-99.8901,82.22,69,20,5.75,few clouds
384,Inta,RU,2022-02-01 20:31:06,66.0317,60.1659,-3.96,92,36,6.31,scattered clouds
385,Yinchuan,CN,2022-02-01 20:28:10,38.4681,106.2731,18.01,21,0,2.51,clear sky
386,Ishigaki,JP,2022-02-01 20:31:07,24.3448,124.1572,69.58,73,100,17.45,overcast clouds
387,Kunyang,CN,2022-02-01 20:31:07,27.6658,120.5658,42.48,86,100,5.1,light rain
388,Vaitape,PF,2022-02-01 20:31:07,-16.5167,-151.75,80.51,76,9,19.3,light rain
389,Eureka,US,2022-02-01 20:26:59,40.8021,-124.1637,52.2,62,0,10.0,clear sky
390,Cherskiy,RU,2022-02-01 20:31:08,68.75,161.3,-6.02,80,82,3.36,broken clouds
391,Beitbridge,ZW,2022-02-01 20:31:08,-22.2167,30.0,76.41,65,0,6.22,clear sky
392,Deniliquin,AU,2022-02-01 20:31:08,-35.5333,144.9667,55.0,54,0,15.86,clear sky
393,Yatou,CN,2022-02-01 20:31:09,37.15,122.3833,23.97,67,42,5.61,scattered clouds
394,Miyako,JP,2022-02-01 20:31:09,39.6367,141.9525,28.45,70,23,3.85,few clouds
395,Samarai,PG,2022-02-01 20:31:09,-10.6167,150.6667,80.87,79,99,12.24,heavy intensity rain
396,Mount Gambier,AU,2022-02-01 20:31:10,-37.8333,140.7667,48.11,71,75,4.61,broken clouds
397,Saint Anthony,US,2022-02-01 20:30:08,45.0205,-93.218,19.24,65,75,8.01,broken clouds
398,Tezu,IN,2022-02-01 20:31:10,27.9167,96.1667,53.02,91,100,2.28,overcast clouds
399,Roald,NO,2022-02-01 20:31:10,62.5833,6.1333,37.33,80,75,6.91,broken clouds
400,Ofaqim,IL,2022-02-01 20:31:11,31.3141,34.6203,49.75,64,0,7.36,clear sky
401,Rosetta,EG,2022-02-01 20:31:11,31.4044,30.4164,53.42,64,0,9.31,clear sky
402,Belaya Gora,RU,2022-02-01 20:31:11,68.5333,146.4167,-15.83,96,100,4.7,overcast clouds
403,Necochea,AR,2022-02-01 20:31:12,-38.5473,-58.7368,75.04,49,7,11.23,clear sky
404,Sao Raimundo Das Mangabeiras,BR,2022-02-01 20:31:12,-7.0219,-45.4811,80.89,70,96,3.29,light rain
405,Sarab,IR,2022-02-01 20:31:12,38.6066,44.9883,21.31,75,57,4.99,broken clouds
406,Verkhniye Kigi,RU,2022-02-01 20:31:13,55.4083,58.6044,24.42,96,100,4.36,light snow
407,Jieshi,CN,2022-02-01 20:31:13,22.8134,115.8257,55.94,87,100,20.94,overcast clouds
408,Fenelon Falls,CA,2022-02-01 20:32:13,44.5334,-78.7496,34.81,88,100,14.34,overcast clouds
409,Boromo,BF,2022-02-01 20:32:14,11.75,-2.9333,76.57,9,63,8.57,broken clouds
410,Acarau,BR,2022-02-01 20:32:14,-2.8856,-40.12,80.98,76,100,15.99,overcast clouds
411,Havoysund,NO,2022-02-01 20:32:14,70.9963,24.6622,23.88,63,94,7.78,overcast clouds
412,Rocha,UY,2022-02-01 20:32:15,-34.4833,-54.3333,72.12,54,0,8.97,clear sky
413,Kidal,ML,2022-02-01 20:32:15,18.4411,1.4078,69.69,11,67,7.05,broken clouds
414,Kuching,MY,2022-02-01 20:32:15,1.55,110.3333,75.42,100,40,3.44,scattered clouds
415,Sibolga,ID,2022-02-01 20:32:16,1.7427,98.7792,73.58,95,100,0.27,overcast clouds
416,Dubbo,AU,2022-02-01 20:32:16,-32.25,148.6167,71.73,94,75,5.75,broken clouds
417,Peleduy,RU,2022-02-01 20:32:17,59.6289,112.7406,-5.46,100,100,3.49,overcast clouds
418,Buraydah,SA,2022-02-01 20:31:47,26.326,43.975,50.45,38,0,8.28,clear sky
419,Powell,US,2022-02-01 20:32:17,40.1578,-83.0752,50.99,54,0,13.8,clear sky
420,Kamenka,RU,2022-02-01 20:32:17,51.3223,42.7678,29.75,94,99,9.22,overcast clouds
421,Ketchikan,US,2022-02-01 20:32:18,55.3422,-131.6461,33.78,80,0,3.44,clear sky
422,Port Pirie,AU,2022-02-01 20:32:18,-33.1833,138.0167,59.09,53,7,14.61,clear sky
423,Havre-Saint-Pierre,CA,2022-02-01 20:32:18,50.2334,-63.5986,9.19,51,0,6.91,clear sky
424,La Trinidad,PH,2022-02-01 20:32:19,16.455,120.5875,56.84,87,18,4.14,few clouds
425,Baruun-Urt,MN,2022-02-01 20:32:19,46.6806,113.2792,-11.7,93,5,4.85,clear sky
426,Cap Malheureux,MU,2022-02-01 20:32:19,-19.9842,57.6142,79.47,88,100,11.01,heavy intensity rain
427,Isangel,VU,2022-02-01 20:32:20,-19.55,169.2667,79.38,81,100,1.19,overcast clouds
428,Hay River,CA,2022-02-01 20:29:15,60.8156,-115.7999,-20.22,63,0,11.5,clear sky
429,Presidencia Roque Saenz Pena,AR,2022-02-01 20:31:19,-26.7852,-60.4388,105.21,10,4,8.43,clear sky
430,Alice Town,BS,2022-02-01 20:32:20,25.7167,-79.3,70.09,57,100,20.36,overcast clouds
431,Minsk,BY,2022-02-01 20:32:20,53.9,27.5667,24.55,95,100,9.4,overcast clouds
432,Lavrentiya,RU,2022-02-01 20:32:21,65.5833,-171.0,-0.02,78,20,16.04,few clouds
433,Valadares,PT,2022-02-01 20:32:21,41.1474,-7.9812,54.57,73,0,7.31,clear sky
434,Beibei,CN,2022-02-01 20:32:21,29.8256,106.4339,45.37,87,100,1.14,overcast clouds
435,Arman,RU,2022-02-01 20:32:13,59.7,150.1667,-1.5,80,37,11.83,scattered clouds
436,Broome,US,2022-02-01 20:29:53,42.2506,-75.833,37.22,50,0,10.0,clear sky
437,Abu Samrah,SY,2022-02-01 20:31:16,35.3029,37.1841,50.31,71,100,3.49,overcast clouds
438,Nampula,MZ,2022-02-01 20:32:22,-15.1165,39.2666,75.15,83,0,6.91,clear sky
439,Aksu,CN,2022-02-01 20:32:22,41.1231,80.2644,22.71,52,0,0.47,clear sky
440,Fort Nelson,CA,2022-02-01 20:32:23,58.8053,-122.7002,-13.41,84,40,0.0,scattered clouds
441,Namibe,AO,2022-02-01 20:32:23,-15.1961,12.1522,73.13,70,24,11.59,few clouds
442,Havelock,US,2022-02-01 20:32:23,34.8791,-76.9013,56.05,51,0,4.0,clear sky
443,Ust-Tsilma,RU,2022-02-01 20:32:24,65.441,52.1498,4.82,96,98,5.57,overcast clouds
444,Syumsi,RU,2022-02-01 20:32:24,57.1111,51.6149,29.39,96,100,9.37,snow
445,Bandar,ID,2022-02-01 20:32:24,2.05,99.75,71.29,97,100,2.37,overcast clouds
446,Artyom,AZ,2022-02-01 20:32:25,40.4723,50.333,39.34,77,4,11.23,clear sky
447,Roma,US,2022-02-01 20:32:25,43.2128,-75.4557,37.85,45,0,16.11,clear sky
448,Jacareacanga,BR,2022-02-01 20:32:25,-6.2222,-57.7528,79.59,89,100,3.06,overcast clouds
449,Pokhara,NP,2022-02-01 20:32:26,28.2333,83.9833,46.99,66,14,5.66,few clouds
450,Tiksi,RU,2022-02-01 20:31:10,71.6872,128.8694,-13.72,99,100,4.5,overcast clouds
451,Ugoofaaru,MV,2022-02-01 20:32:26,5.6667,73.0,82.13,77,5,15.93,clear sky
452,Chitrakonda,IN,2022-02-01 20:32:26,18.1167,82.0833,59.74,41,0,2.55,clear sky
453,Lagoa,PT,2022-02-01 20:32:27,39.05,-27.9833,58.44,75,59,17.4,broken clouds
454,Touros,BR,2022-02-01 20:32:27,-5.1989,-35.4608,83.3,75,62,11.99,broken clouds
455,Severobaykalsk,RU,2022-02-01 20:32:27,55.65,109.3167,-12.55,90,30,5.64,scattered clouds
456,San Cristobal,VE,2022-02-01 20:33:28,7.7669,-72.225,77.18,31,95,6.08,overcast clouds
457,Seoul,KR,2022-02-01 20:31:13,37.5683,126.9778,26.11,86,40,2.3,mist
458,Najran,SA,2022-02-01 20:33:28,17.4924,44.1277,70.45,37,3,3.2,clear sky
459,Rio Grande,BR,2022-02-01 20:33:28,-32.035,-52.0986,78.91,54,0,11.97,clear sky
460,Flinders,AU,2022-02-01 20:33:29,-34.5833,150.8552,70.21,89,100,11.01,light rain
461,Port Augusta,AU,2022-02-01 20:33:29,-32.5,137.7667,59.14,46,99,15.93,overcast clouds
462,Keskin,TR,2022-02-01 20:33:29,39.6731,33.6136,31.03,98,100,4.94,overcast clouds
463,Bukachacha,RU,2022-02-01 20:33:29,52.9833,116.9167,-16.38,97,19,4.18,few clouds
464,Monteagudo,BO,2022-02-01 20:33:30,-19.8167,-63.9833,80.38,67,84,1.83,broken clouds
465,Channagiri,IN,2022-02-01 20:33:30,14.0333,75.9333,67.26,41,4,3.71,clear sky
466,Wattegama,LK,2022-02-01 20:33:31,6.7989,81.4808,65.98,92,3,4.14,clear sky
467,Saint George,US,2022-02-01 20:30:26,37.1041,-113.5841,54.07,24,0,1.99,clear sky
468,Barcelos,PT,2022-02-01 20:33:31,41.5388,-8.6151,60.94,72,0,5.73,clear sky
469,Ouadda,CF,2022-02-01 20:29:41,8.0777,22.4007,70.3,26,26,4.56,scattered clouds
470,Albion,US,2022-02-01 20:33:32,42.2431,-84.753,47.98,61,100,9.22,overcast clouds
471,Nabire,ID,2022-02-01 20:33:32,-3.3667,135.4833,74.07,91,100,3.15,overcast clouds
472,Cao Bang,VN,2022-02-01 20:33:32,22.6667,106.25,48.81,90,100,1.52,overcast clouds
473,Oksfjord,NO,2022-02-01 20:33:33,70.2396,22.3479,25.72,52,90,10.54,overcast clouds
474,Pahrump,US,2022-02-01 20:32:21,36.2083,-115.9839,60.26,18,17,1.99,few clouds
475,Kaset Sombun,TH,2022-02-01 20:33:33,16.2805,101.9542,79.45,77,79,2.28,broken clouds
476,La Grande,US,2022-02-01 20:31:17,45.3246,-118.0877,37.56,81,100,9.6,light snow
477,Vila,PT,2022-02-01 20:33:34,42.0304,-8.1588,49.08,68,0,5.14,clear sky
478,Road Town,VG,2022-02-01 20:33:34,18.4167,-64.6167,82.44,69,40,9.22,scattered clouds
479,Tuatapere,NZ,2022-02-01 20:33:13,-46.1333,167.6833,70.83,77,97,7.45,overcast clouds
480,Pasighat,IN,2022-02-01 20:33:34,28.0667,95.3333,55.08,88,100,2.21,overcast clouds
481,Segezha,RU,2022-02-01 20:33:35,63.7415,34.3222,9.52,96,99,6.13,overcast clouds
482,Yerbogachen,RU,2022-02-01 20:33:35,61.2767,108.0108,-30.08,100,50,1.95,scattered clouds
483,Povenets,RU,2022-02-01 20:33:35,62.8487,34.8262,11.23,95,100,5.41,light snow
484,Miajadas,ES,2022-02-01 20:33:36,39.1513,-5.9084,52.77,66,0,3.58,clear sky
485,Wamba,NG,2022-02-01 20:33:36,8.9333,8.6,73.29,17,0,3.87,clear sky
486,Endicott,US,2022-02-01 20:29:48,42.0984,-76.0494,37.56,53,0,10.0,clear sky
487,Ushtobe,KZ,2022-02-01 20:33:36,45.2514,77.9838,18.18,89,10,10.36,clear sky
488,Rawson,AR,2022-02-01 20:33:37,-43.3002,-65.1023,79.16,36,42,3.02,scattered clouds
489,Bideford,GB,2022-02-01 20:33:37,51.0179,-4.2046,53.1,88,100,15.3,overcast clouds
490,Yamada,JP,2022-02-01 20:33:37,39.4667,141.95,28.2,72,26,4.07,scattered clouds
491,Wilmington,US,2022-02-01 20:32:00,34.2257,-77.9447,56.95,54,0,10.36,clear sky
492,Launceston,AU,2022-02-01 20:33:38,-41.45,147.1667,54.61,62,5,4.0,clear sky
493,Bukama,CD,2022-02-01 20:33:38,-9.2,25.85,69.96,96,96,0.98,overcast clouds
494,Aksarka,RU,2022-02-01 20:33:38,66.5606,67.7975,-19.12,100,88,6.26,overcast clouds
495,Naryan-Mar,RU,2022-02-01 20:33:07,67.6713,53.087,-9.38,100,99,4.94,overcast clouds
496,Bagdarin,RU,2022-02-01 20:33:39,54.4333,113.6,-18.69,96,17,4.23,few clouds
497,Nyagan,RU,2022-02-01 20:32:07,62.1406,65.3936,-4.9,100,73,3.96,broken clouds
498,Madimba,TZ,2022-02-01 20:33:39,-10.4,40.3333,77.52,85,100,3.44,light rain
499,Yelets,RU,2022-02-01 20:34:39,52.6237,38.5017,21.25,94,90,10.36,overcast clouds
500,Lincoln,US,2022-02-01 20:30:03,40.8,-96.667,37.78,39,0,8.01,clear sky
501,Husavik,IS,2022-02-01 20:34:40,66.0449,-17.3389,6.71,82,33,13.98,scattered clouds
502,Ternate,ID,2022-02-01 20:34:40,0.8,127.4,79.11,75,100,5.5,overcast clouds
503,Oyon,PE,2022-02-01 20:34:40,-10.6681,-76.7731,48.78,90,96,6.85,overcast clouds
504,Cardston,CA,2022-02-01 20:30:10,49.2,-113.3019,-0.31,71,100,2.3,overcast clouds
505,Skibbereen,IE,2022-02-01 20:34:41,51.55,-9.2667,49.8,86,50,14.16,scattered clouds
506,Olafsvik,IS,2022-02-01 20:34:41,64.8945,-23.7142,33.33,81,100,5.75,heavy snow
507,Bilma,NE,2022-02-01 20:30:43,18.6853,12.9164,58.78,20,0,6.55,clear sky
508,Ryotsu,JP,2022-02-01 20:34:42,38.0833,138.4333,35.78,66,78,22.64,broken clouds
509,Bethel,US,2022-02-01 20:34:42,41.3712,-73.414,36.39,61,0,6.91,clear sky
510,Bandrele,YT,2022-02-01 20:34:42,-12.9067,45.1914,82.15,78,0,5.75,clear sky
511,Saint-Louis,SN,2022-02-01 20:34:42,16.3333,-15.0,84.54,10,78,10.85,broken clouds
512,Grootfontein,NA,2022-02-01 20:34:43,-19.5667,18.1167,67.37,74,94,10.71,overcast clouds
513,Paka,MY,2022-02-01 20:34:43,4.6374,103.4368,73.33,100,57,0.0,broken clouds
514,Sinnamary,GF,2022-02-01 20:34:43,5.3833,-52.95,77.97,85,99,13.56,overcast clouds
515,Mahuva,IN,2022-02-01 20:34:44,21.0914,71.7622,69.26,61,1,4.14,clear sky
516,Vasai,IN,2022-02-01 20:34:44,19.47,72.8,71.69,61,0,5.88,clear sky
517,Tainan,TW,2022-02-01 20:34:44,22.9908,120.2133,67.14,94,75,6.91,broken clouds
518,Xuddur,SO,2022-02-01 20:34:45,4.1213,43.8894,79.39,37,100,10.89,overcast clouds
519,Rio Claro,BR,2022-02-01 20:34:45,-22.4114,-47.5614,74.39,89,100,2.33,overcast clouds
520,Hidrolandia,BR,2022-02-01 20:34:45,-4.4081,-40.4378,86.31,37,94,6.04,overcast clouds
521,Grand Gaube,MU,2022-02-01 20:32:05,-20.0064,57.6608,79.38,88,100,11.01,heavy intensity rain
522,Trat,TH,2022-02-01 20:34:46,12.5,102.5,83.98,94,22,0.43,few clouds
523,Shemysheyka,RU,2022-02-01 20:34:46,52.892,45.3928,29.62,91,99,14.83,overcast clouds
524,Cacoal,BR,2022-02-01 20:34:46,-11.4386,-61.4472,77.58,85,80,2.19,broken clouds
525,Mungaa,TZ,2022-02-01 20:34:47,-4.9667,34.8833,57.94,96,96,1.92,overcast clouds
526,Sindou,BF,2022-02-01 20:34:47,10.6667,-5.1667,77.38,12,83,5.86,broken clouds
527,Palu,ID,2022-02-01 20:34:47,-0.8917,119.8707,73.72,90,100,3.76,overcast clouds
528,Melo,UY,2022-02-01 20:34:48,-32.3667,-54.1833,86.86,20,0,6.04,clear sky
529,Mayahi,NE,2022-02-01 20:34:48,13.9553,7.6712,61.66,15,0,9.44,clear sky
530,Warrnambool,AU,2022-02-01 20:33:38,-38.3833,142.4833,54.81,55,68,12.95,broken clouds
531,Contrecoeur,CA,2022-02-01 20:30:38,45.8501,-73.2325,31.77,57,100,3.44,overcast clouds
532,Ankpa,NG,2022-02-01 20:34:49,7.3706,7.6253,73.99,19,0,2.98,clear sky
533,Los Llanos De Aridane,ES,2022-02-01 20:34:49,28.6585,-17.9182,60.55,72,75,2.3,broken clouds
534,Mae Ramat,TH,2022-02-01 20:34:49,16.984,98.5166,56.89,63,80,1.05,broken clouds
535,Kushima,JP,2022-02-01 20:34:49,31.4583,131.2333,38.19,71,84,6.15,broken clouds
536,Tilichiki,RU,2022-02-01 20:33:11,60.4667,166.1,15.42,93,100,9.08,overcast clouds
537,Bhachau,IN,2022-02-01 20:34:50,23.2833,70.35,69.01,43,0,4.16,clear sky
538,Topolobampo,MX,2022-02-01 20:34:50,25.6,-109.05,78.06,27,0,0.0,clear sky
539,Morant Bay,JM,2022-02-01 20:34:50,17.8815,-76.4093,82.02,71,13,9.46,few clouds
540,Pingzhuang,CN,2022-02-01 20:34:51,42.0372,119.2889,9.59,54,0,2.91,clear sky
541,Atambua,ID,2022-02-01 20:34:51,-9.1061,124.8925,74.07,87,73,5.48,broken clouds
542,Shahreza,IR,2022-02-01 20:34:51,32.0339,51.8794,32.05,75,1,5.01,clear sky
543,Takoradi,GH,2022-02-01 20:34:52,4.8845,-1.7554,80.29,81,56,7.36,broken clouds
544,Bousso,TD,2022-02-01 20:34:52,10.4795,16.7117,69.98,17,7,6.04,clear sky
545,Kontagora,NG,2022-02-01 20:35:52,10.3999,5.4695,74.44,14,2,6.73,clear sky
546,Sabang,ID,2022-02-01 20:35:53,5.8933,95.3214,80.13,77,56,3.31,broken clouds
547,Hovd,MN,2022-02-01 20:35:53,48.0056,91.6419,-5.89,92,100,0.22,overcast clouds
548,Iwaki,JP,2022-02-01 20:35:53,37.05,140.8833,38.01,60,36,8.01,scattered clouds
549,Olive Branch,US,2022-02-01 20:35:08,34.9618,-89.8295,69.17,48,75,3.0,broken clouds
550,Hamilton,US,2022-02-01 20:33:56,39.1834,-84.5333,61.65,38,0,17.27,clear sky
551,Wellington,NZ,2022-02-01 20:33:23,-41.2866,174.7756,71.76,64,100,20.71,overcast clouds
552,Cairns,AU,2022-02-01 20:35:54,-16.9167,145.7667,79.07,97,80,1.14,broken clouds
553,Nanortalik,GL,2022-02-01 20:33:20,60.1432,-45.2371,8.8,77,10,11.61,clear sky
554,Huambo,AO,2022-02-01 20:35:55,-12.7761,15.7392,60.1,74,86,3.02,overcast clouds
555,Talnakh,RU,2022-02-01 20:30:56,69.4865,88.3972,4.21,96,100,8.88,light snow
556,San Quintin,MX,2022-02-01 20:35:55,30.4833,-115.95,61.56,65,58,12.03,broken clouds
557,Porto Velho,BR,2022-02-01 20:35:55,-8.7619,-63.9039,87.85,66,40,8.05,scattered clouds
558,Hitoyoshi,JP,2022-02-01 20:35:56,32.2167,130.75,37.71,78,1,3.15,clear sky
559,Dabola,GN,2022-02-01 20:35:56,10.75,-11.1167,78.17,16,100,1.81,overcast clouds
560,Oga,IT,2022-02-01 20:35:56,46.4631,10.347,31.69,93,100,7.52,light snow
561,Escanaba,US,2022-02-01 20:32:50,45.7453,-87.0646,40.24,65,100,18.41,overcast clouds
562,Angoche,MZ,2022-02-01 20:35:57,-16.2325,39.9086,77.11,85,0,4.47,clear sky
563,Serebryansk,KZ,2022-02-01 20:35:57,49.6925,83.2892,-13.29,94,28,2.68,scattered clouds
564,Pemangkat,ID,2022-02-01 20:35:57,1.1667,108.9667,76.41,90,58,8.48,moderate rain
565,Harper,LR,2022-02-01 20:34:54,4.375,-7.7169,79.45,79,49,6.22,scattered clouds
566,Luanda,AO,2022-02-01 20:35:54,-8.8368,13.2343,77.0,78,0,9.22,clear sky
567,Qasigiannguit,GL,2022-02-01 20:35:58,68.8193,-51.1922,3.45,93,100,4.07,overcast clouds
568,Uray,RU,2022-02-01 20:35:58,60.1247,64.7758,14.29,96,100,6.93,overcast clouds
569,South Yuba City,US,2022-02-01 20:35:58,39.1166,-121.6391,62.2,30,0,25.32,clear sky
570,Lichinga,MZ,2022-02-01 20:35:59,-13.3128,35.2406,66.29,94,20,4.61,few clouds
571,Khani,GE,2022-02-01 20:35:59,41.9563,42.9566,35.17,75,98,9.35,overcast clouds
572,Digby,CA,2022-02-01 20:32:31,44.6169,-65.7655,24.31,82,48,6.67,scattered clouds
573,Gobabis,NA,2022-02-01 20:35:59,-22.45,18.9667,70.02,77,100,6.06,light rain
574,Sekoma,BW,2022-02-01 20:36:00,-24.4,23.8833,77.36,53,100,9.48,overcast clouds
575,Kudahuvadhoo,MV,2022-02-01 20:34:37,2.6708,72.8944,82.71,77,17,15.35,few clouds
576,Gornopravdinsk,RU,2022-02-01 20:36:00,60.05,69.9,2.07,99,89,3.89,overcast clouds
577,Xining,CN,2022-02-01 20:36:01,36.6167,101.7667,11.66,73,92,2.55,overcast clouds
578,Saint Thomas,BB,2022-02-01 20:36:01,13.1833,-59.5833,81.72,61,20,14.97,few clouds
579,Svetlaya,RU,2022-02-01 20:36:01,46.5389,138.3297,7.12,76,17,9.35,few clouds
580,Namatanai,PG,2022-02-01 20:36:02,-3.6667,152.4333,78.64,84,100,5.28,light rain
581,Hobyo,SO,2022-02-01 20:36:02,5.3505,48.5268,77.79,83,100,18.03,overcast clouds
582,Aswan,EG,2022-02-01 20:35:55,24.0934,32.907,60.1,38,0,5.75,clear sky
583,Piacabucu,BR,2022-02-01 20:36:02,-10.4056,-36.4344,80.74,68,6,10.29,clear sky
584,Lata,PT,2022-02-01 20:36:03,40.1629,-8.3327,48.94,74,0,4.21,clear sky
585,Juneau,US,2022-02-01 20:36:03,58.3019,-134.4197,24.85,79,100,8.05,overcast clouds
586,Celestun,MX,2022-02-01 20:36:04,20.8667,-90.4,81.16,57,1,8.19,clear sky
587,Kyzyl-Suu,KG,2022-02-01 20:36:04,42.3414,78.0056,17.24,63,2,10.69,clear sky
588,Wasilla,US,2022-02-01 20:32:47,61.5814,-149.4394,31.73,74,100,4.61,overcast clouds
589,Kaka,TM,2022-02-01 20:34:37,37.3482,59.6143,49.14,42,100,11.56,overcast clouds
590,Cockburn Town,TC,2022-02-01 20:37:05,21.4612,-71.1419,75.22,76,3,20.36,clear sky
591,Whitehorse,CA,2022-02-01 20:33:36,60.7161,-135.0538,-17.63,76,20,0.0,few clouds
592,Honghu,CN,2022-02-01 20:37:05,29.8206,113.4621,35.58,98,100,9.28,light rain
593,Yining,CN,2022-02-01 20:37:05,29.0361,114.5636,36.25,99,100,3.6,overcast clouds
594,San Jose,US,2022-02-01 20:35:21,37.3394,-121.895,61.61,31,0,4.0,clear sky
595,Tautira,PF,2022-02-01 20:37:06,-17.7333,-149.15,84.22,77,25,20.8,light rain
596,Eyl,SO,2022-02-01 20:37:06,7.9803,49.8164,75.6,82,100,16.6,overcast clouds
597,Fairlie,GB,2022-02-01 20:37:06,55.756,-4.8556,48.22,82,98,4.0,overcast clouds
598,Malanje,AO,2022-02-01 20:37:07,-9.5402,16.341,64.81,87,60,4.14,broken clouds
599,Pirogovo,RU,2022-02-01 20:37:07,56.7796,53.1495,29.64,93,100,13.89,snow
600,Halifax,CA,2022-02-01 20:33:40,44.6453,-63.5724,23.22,45,0,4.0,clear sky
601,Greencastle,US,2022-02-01 20:34:43,39.6445,-86.8647,60.91,50,100,12.66,overcast clouds
602,Doctor Juan Leon Mallorquin,PY,2022-02-01 20:37:07,-25.4,-55.2667,98.33,21,2,4.07,clear sky
603,Xinxiang,CN,2022-02-01 20:37:08,35.3089,113.8672,32.38,46,100,3.18,overcast clouds
604,Inongo,CD,2022-02-01 20:37:08,-1.95,18.2667,79.63,63,93,7.25,overcast clouds
605,Kaili,ID,2022-02-01 20:37:08,-3.4626,120.2147,66.97,93,100,2.95,overcast clouds
606,Onega,RU,2022-02-01 20:37:09,63.9061,38.1404,13.12,94,100,5.5,overcast clouds
607,Bereda,ES,2022-02-01 20:37:09,43.2686,-7.5406,47.91,97,3,4.03,clear sky
608,Truth Or Consequences,US,2022-02-01 20:37:09,33.1284,-107.2528,61.92,22,0,6.91,clear sky
609,Kampong Thum,KH,2022-02-01 20:37:10,12.7111,104.8887,72.36,85,38,5.32,scattered clouds
610,Bad Aussee,AT,2022-02-01 20:37:10,47.61,13.7824,36.01,97,100,5.99,light snow
611,Mikhaylovskoye,RU,2022-02-01 20:37:10,51.8239,79.7172,2.57,96,100,3.24,overcast clouds
612,Charlestown,AU,2022-02-01 20:35:36,-32.95,151.6667,73.72,95,100,3.0,light rain
613,Tete,MZ,2022-02-01 20:37:11,-16.1564,33.5867,78.89,83,20,0.0,few clouds
614,Chapais,CA,2022-02-01 20:37:11,49.7834,-74.8492,15.58,80,100,17.83,overcast clouds
615,West Bay,KY,2022-02-01 20:37:11,19.3667,-81.4167,80.08,78,20,3.0,few clouds
616,Doha,QA,2022-02-01 20:37:12,25.2867,51.5333,64.38,82,0,14.97,clear sky
617,Delta Del Tigre,UY,2022-02-01 20:37:12,-34.7633,-56.3853,79.21,44,0,3.44,clear sky
618,Huarmey,PE,2022-02-01 20:36:25,-10.0681,-78.1522,75.04,72,100,10.09,overcast clouds
619,Bemidji,US,2022-02-01 20:37:13,47.4736,-94.8803,10.15,66,75,21.85,haze
620,Shu,KZ,2022-02-01 20:37:13,43.5983,73.7614,33.22,72,0,2.21,clear sky
621,Pontianak,ID,2022-02-01 20:37:13,-0.0333,109.3333,75.18,100,100,2.3,overcast clouds
622,Kisangani,CD,2022-02-01 20:37:14,0.5167,25.2,72.81,69,99,2.59,overcast clouds
623,Sao Miguel Do Araguaia,BR,2022-02-01 20:37:14,-13.275,-50.1628,78.94,86,35,3.11,light rain
624,Manati,PR,2022-02-01 20:37:14,18.4275,-66.4921,83.73,79,30,6.38,scattered clouds
625,Ixtapa,MX,2022-02-01 20:37:14,20.7,-105.2,78.03,47,0,9.22,clear sky
626,Mangai,CD,2022-02-01 20:37:15,-4.05,19.5333,74.8,76,54,1.74,broken clouds
627,Ishnya,RU,2022-02-01 20:37:15,57.1907,39.36,26.47,94,100,9.31,overcast clouds
628,Cabedelo,BR,2022-02-01 20:37:15,-6.9811,-34.8339,84.87,71,45,10.6,scattered clouds
629,Quartz Hill,US,2022-02-01 20:33:36,34.6453,-118.2181,60.98,24,0,15.99,clear sky
630,Ocean City,US,2022-02-01 20:37:16,39.2776,-74.5746,39.99,76,100,13.0,overcast clouds
631,Pitimbu,BR,2022-02-01 20:37:16,-7.4706,-34.8086,84.79,70,28,8.9,scattered clouds
632,Corralillo,CU,2022-02-01 20:36:17,22.9819,-80.5856,76.86,58,92,18.39,overcast clouds
633,Betafo,MG,2022-02-01 20:37:17,-19.8333,46.85,58.37,95,10,5.55,clear sky
634,Homer,US,2022-02-01 20:37:17,59.6425,-151.5483,35.49,75,100,16.11,light snow
635,Taree,AU,2022-02-01 20:38:17,-31.9,152.4667,76.1,100,75,4.61,light rain
636,Van Wert,US,2022-02-01 20:33:21,40.8695,-84.5841,51.85,61,0,12.66,clear sky
637,Phayakkhaphum Phisai,TH,2022-02-01 20:38:18,15.5163,103.1937,73.42,66,100,5.3,overcast clouds
638,La Esperanza,GT,2022-02-01 20:38:18,14.8667,-91.5667,74.55,64,20,13.8,few clouds
639,Ndele,CF,2022-02-01 20:38:18,8.4109,20.6473,73.76,19,92,3.85,overcast clouds
640,Mocuba,MZ,2022-02-01 20:38:19,-16.8392,36.9856,71.44,95,0,1.81,clear sky
641,Leninsk,RU,2022-02-01 20:38:19,48.7119,45.1994,33.57,95,100,11.56,overcast clouds
642,Maningrida,AU,2022-02-01 20:38:19,-12.0667,134.2667,77.7,89,100,9.66,overcast clouds
643,Lyuban,BY,2022-02-01 20:38:20,52.7985,28.0048,23.65,93,100,10.16,overcast clouds
644,Novosergiyevka,RU,2022-02-01 20:38:20,52.0934,53.6528,30.72,93,100,14.85,overcast clouds
645,Maceio,BR,2022-02-01 20:33:47,-9.6658,-35.7353,85.44,65,0,14.97,clear sky
646,Ahuimanu,US,2022-02-01 20:38:20,21.4447,-157.8378,78.85,66,40,5.01,scattered clouds
647,Shambu,ET,2022-02-01 20:38:21,9.5667,37.1,57.74,44,96,1.92,overcast clouds
648,Camacha,PT,2022-02-01 20:38:21,33.0833,-16.3333,63.54,82,20,21.85,few clouds
649,Kawalu,ID,2022-02-01 20:38:21,-7.3817,108.2082,72.88,94,97,2.42,overcast clouds
650,Holme,DK,2022-02-01 20:38:22,56.1138,10.1725,42.66,86,34,23.38,scattered clouds
651,Flin Flon,CA,2022-02-01 20:38:22,54.7682,-101.865,-9.56,54,20,10.36,few clouds
652,Zhuhai,CN,2022-02-01 20:38:22,22.2769,113.5678,60.98,94,40,13.8,scattered clouds
653,Melfi,IT,2022-02-01 20:38:22,40.9965,15.6514,41.29,64,39,16.53,scattered clouds
654,Russas,BR,2022-02-01 20:35:44,-4.9403,-37.9758,82.8,66,94,11.05,overcast clouds
655,Conde,BR,2022-02-01 20:34:16,-7.2597,-34.9075,83.66,70,20,12.66,few clouds
656,Milkovo,RU,2022-02-01 20:38:23,54.7167,158.6167,22.77,89,100,20.58,snow
657,Gulbene,LV,2022-02-01 20:38:23,57.1777,26.7529,22.48,97,100,2.86,overcast clouds
658,Newport,GB,2022-02-01 20:35:34,51.5877,-2.9984,53.53,85,100,4.0,overcast clouds
659,Bratsk,RU,2022-02-01 20:38:24,56.1325,101.6142,-8.91,100,93,1.86,overcast clouds
660,Kattivakkam,IN,2022-02-01 20:38:24,13.2167,80.3167,76.06,80,3,2.75,moderate rain
661,Te Anau,NZ,2022-02-01 20:38:25,-45.4167,167.7167,66.49,95,95,4.29,overcast clouds
662,Luba,GQ,2022-02-01 20:38:25,3.4568,8.5547,76.89,73,14,6.6,few clouds
663,Coquimbo,CL,2022-02-01 20:34:36,-29.9533,-71.3436,71.33,60,0,12.66,clear sky
664,Hoquiam,US,2022-02-01 20:38:25,46.9809,-123.8893,46.02,88,75,8.05,broken clouds
665,Paramirim,BR,2022-02-01 20:38:26,-13.4425,-42.2389,78.31,74,68,3.27,moderate rain
666,Valparaiso,CL,2022-02-01 20:38:20,-33.0393,-71.6273,69.44,65,0,9.22,clear sky
667,Mayya,RU,2022-02-01 20:38:26,61.7333,130.2811,-18.69,96,100,6.29,overcast clouds
668,General Roca,AR,2022-02-01 20:38:26,-39.0333,-67.5833,95.4,12,89,14.36,overcast clouds
